,metric,perc of total in subgroup,avg problems worked on to unstuck,avg percent unstuck,avg prereq match
0,Any unstuck,0.4190286801016271,8.430883292724813,0.6124169410609027,0.0891454521076594
1,Same  exercise:,0.32089280656716246,4.591318163421922,0.6341994610437226,0.014263952217853352
2,Different exercise:,0.09813587353446461,16.991559463729896,0.5411906532657738,0.2546392018377161
3,Unstuck different exercise and topic tree data available:,0.09813587353446461,16.991559463729896,0.5411906532657738,0.2546392018377161
4,Unstuck different exercise and same lesson:,0.032963480794742726,11.730823024627599,0.6039828936818269,0.2449717236292107
5,Unstuck different exercise and same unit:,0.06292415834930039,15.820160534286629,0.5724225130391283,0.29272302410136575
6,Unstuck different unit:,0.03521171518516422,18.899512203215476,0.48537858959357494,0.19349777861806802
